"Time (s)"	"Linear Acceleration x (m/s^2)"	"Linear Acceleration y (m/s^2)"	"Linear Acceleration z (m/s^2)"	"Absolute acceleration (m/s^2)"
7.486125003E-3	-5.070897276E-2	-5.449406274E-2	-8.307022333E-2	1.115422108E-1
1.744812501E-2	-7.119969947E-2	2.520958050E-2	-7.468590081E-2	1.062210146E-1
2.741066667E-2	-8.170461525E-2	1.170305138E-1	-3.232165396E-2	1.463436867E-1
3.737166667E-2	-8.809256131E-2	1.651432040E-1	3.578846812E-2	1.905607296E-1
4.733366667E-2	-5.716884870E-2	2.075062449E-1	7.051566660E-2	2.264941018E-1
5.729566667E-2	-5.877421546E-2	2.006914978E-1	6.677227914E-2	2.195222607E-1
6.725666667E-2	-2.627089810E-2	1.925747585E-1	2.770235360E-2	1.963227396E-1
7.721866667E-2	9.208104989E-3	1.404584523E-1	-1.795212150E-2	1.419001222E-1
8.718066667E-2	5.803844616E-3	8.072153385E-2	-2.693169057E-2	8.529341473E-2
9.714166667E-2	-4.852092639E-4	3.344331666E-2	-9.116978645E-3	3.466713367E-2
1.071036667E-1	-6.457461684E-2	7.500633508E-3	7.081679821E-2	9.613095002E-2
1.170656667E-1	-7.438865212E-2	1.076358541E-2	7.695228159E-2	1.075694193E-1
1.270276667E-1	-7.902035041E-2	1.103878256E-2	6.407729745E-2	1.023326465E-1
1.369886667E-1	-7.796822618E-2	3.530366771E-2	8.091961741E-3	8.597018723E-2
1.469506667E-1	-8.504344848E-2	6.266932903E-2	-1.960045159E-2	1.074430576E-1
1.569126667E-1	-7.547514701E-2	1.106686609E-1	-7.775042653E-3	1.341808541E-1
1.668736667E-1	-7.286290799E-2	1.185158436E-1	-4.331032634E-3	1.391896778E-1
1.768356667E-1	-7.171374282E-2	1.398207768E-1	2.650542855E-2	1.593588664E-1
1.867976667E-1	-5.329829800E-2	1.141203272E-1	2.650601327E-2	1.287117958E-1
1.967586667E-1	-1.079197410E-2	8.982097085E-2	9.891734719E-3	9.100615322E-2
2.067206667E-1	3.025111835E-4	6.045329369E-2	2.815434337E-2	6.668852436E-2
2.166826667E-1	-9.742401171E-3	3.270927411E-2	4.342200816E-2	5.522935620E-2
2.266436667E-1	-3.080241029E-2	3.769649910E-2	5.749157846E-2	7.533323382E-2
2.366056667E-1	-5.121395292E-2	4.834766151E-2	4.102464974E-2	8.150697659E-2
2.465676667E-1	-7.424640489E-2	5.877212782E-2	2.889810920E-2	9.900400176E-2
2.565286667E-1	-7.902749497E-2	7.344330810E-2	-7.408422232E-4	1.078879665E-1
2.664906667E-1	-6.834020088E-2	9.873183514E-2	-1.630788445E-2	1.211788159E-1
2.764526667E-1	-6.164828641E-2	1.064462221E-1	-1.825325310E-2	1.243563053E-1
2.864146667E-1	-7.140733501E-2	9.933392476E-2	1.767320931E-2	1.236065469E-1
2.963756667E-1	-5.055139943E-2	9.706260125E-2	2.500854135E-2	1.122587176E-1
3.063376667E-1	-3.126087768E-2	8.205681863E-2	3.249356210E-2	9.362903148E-2
3.162996667E-1	-3.043509551E-2	6.520877936E-2	3.219418466E-2	7.883492545E-2
3.262606667E-1	-2.452042446E-2	6.793869360E-2	2.875075936E-2	7.774010206E-2
3.362226667E-1	-3.508608961E-2	5.373947499E-2	3.009737313E-2	7.088594167E-2
3.461846667E-1	-4.981685210E-2	7.016512603E-2	2.545585334E-2	8.973775199E-2
3.561456667E-1	-5.940655529E-2	8.847179892E-2	3.174161017E-2	1.111932005E-1
3.661076667E-1	-6.160145843E-2	9.222552865E-2	1.018643439E-2	1.113734765E-1
3.760696667E-1	-7.688098211E-2	9.357171301E-2	1.003616095E-2	1.215198560E-1
3.860306667E-1	-6.699780808E-2	9.427171608E-2	1.632367194E-2	1.168003639E-1
3.959926667E-1	-6.385641431E-2	7.476622236E-2	-1.415026188E-4	9.832420698E-2
4.059546667E-1	-5.386828733E-2	6.779340399E-2	1.901923835E-2	8.865364872E-2
4.159156667E-1	-4.588257589E-2	6.395745237E-2	1.991678596E-2	8.119387198E-2
4.258776667E-1	-2.685662923E-2	9.104292015E-2	3.219067633E-2	1.002313897E-1
4.358396667E-1	-3.287762596E-2	6.508442096E-2	3.263915777E-2	7.988889009E-2
4.458016667E-1	-3.981298788E-2	7.403346118E-2	2.425600469E-2	8.748932016E-2
4.557626667E-1	-5.006334879E-2	8.445598603E-2	1.587226689E-2	9.945391558E-2
4.657246667E-1	-6.250818342E-2	8.319610292E-2	3.143930912E-2	1.087073810E-1
4.756866667E-1	-3.861827839E-2	8.289299788E-2	5.692849159E-3	9.162439116E-2
4.856476667E-1	-5.011317346E-2	7.839119914E-2	1.197919071E-2	9.380837525E-2
4.956096667E-1	-5.659350095E-2	7.651486418E-2	1.212946415E-2	9.593994315E-2
5.055716667E-1	-5.267361437E-2	5.635080953E-2	2.874549687E-2	8.231784118E-2
5.155326667E-1	-4.682299089E-2	4.976353280E-2	2.859580815E-2	7.407105991E-2
5.254946667E-1	-5.082170068E-2	6.378157452E-2	2.290763676E-2	8.470947013E-2
5.354566667E-1	-2.963995641E-2	7.134667929E-2	2.066230595E-2	7.997378663E-2
5.454176667E-1	-2.671697899E-2	7.264356888E-2	2.111137211E-2	8.022826870E-2
5.553796667E-1	-3.170942993E-2	7.146005589E-2	2.814732671E-2	8.309211475E-2
5.653416667E-1	-3.438705498E-2	6.971804244E-2	3.682927251E-2	8.602017383E-2
5.753026667E-1	-3.923900601E-2	8.229195893E-2	4.027269781E-2	9.966722774E-2
5.852646667E-1	-5.612546332E-2	6.796818549E-2	2.709950566E-2	9.221781324E-2
5.952266667E-1	-3.496383027E-2	6.723810123E-2	7.041801810E-3	7.611188250E-2
6.051886667E-1	-3.238179806E-2	5.398342266E-2	2.799880743E-2	6.889647295E-2
6.151496667E-1	-4.720064336E-2	4.678771574E-2	1.332931280E-2	6.778393362E-2
6.251116667E-1	-3.423761979E-2	5.937686697E-2	1.961740851E-2	7.129284436E-2
6.350736667E-1	-3.440720275E-2	5.672634695E-2	2.575523078E-2	7.116927675E-2
6.450346667E-1	-3.968709916E-2	6.182965973E-2	9.439744949E-3	7.407483680E-2
6.549966667E-1	-4.039605122E-2	7.423936539E-2	6.596243978E-3	8.477520134E-2
6.649586667E-1	-4.107720616E-2	7.691847738E-2	9.590603113E-3	8.772553047E-2
6.749196667E-1	-5.306706803E-2	6.231212354E-2	2.066815317E-2	8.441615370E-2
6.848816667E-1	-3.782246548E-2	6.406552536E-2	2.935068369E-2	7.997745350E-2
6.948436667E-1	-3.201140664E-2	5.391922663E-2	2.650659800E-2	6.807799125E-2
7.048046667E-1	-3.652266371E-2	6.620044429E-2	1.034080088E-2	7.631078529E-2
7.147666667E-1	-4.858391186E-2	4.868307699E-2	8.096054792E-3	6.925304744E-2
7.247286667E-1	-3.969216522E-2	6.186976797E-2	2.082076550E-2	7.639921757E-2
7.346896667E-1	-5.515521381E-2	5.655004426E-2	2.860516369E-2	8.401345432E-2
7.446516667E-1	-3.623339555E-2	6.724075075E-2	2.606162488E-2	8.070555004E-2
7.546136667E-1	-2.923674521E-2	9.378236809E-2	1.887715101E-2	1.000313284E-1
7.645746667E-1	-6.530234851E-2	1.962360108E-1	2.681240737E-2	2.085470543E-1
7.745366667E-1	-3.749335632E-2	2.766650103E-1	2.136332864E-1	3.515515051E-1
7.844986667E-1	2.417938447E-3	3.039298825E-1	2.788993227E-1	4.125094570E-1
7.944606667E-1	-1.729738135E-1	3.419279586E-1	-6.678830051E-1	7.700015439E-1
8.044216667E-1	3.732534937E-2	3.143141538E-1	4.233495229E-1	5.285937831E-1
8.143836667E-1	-7.695843031E-2	3.161998443E-1	-1.492092490E-1	3.580060635E-1
8.243456667E-1	-1.811429037E-2	3.023204364E-1	7.068523586E-2	3.110018912E-1
8.343066667E-1	-1.188305083E-2	3.543610394E-1	3.820278347E-2	3.566124028E-1
8.442686667E-1	-4.852342059E-2	2.274484662E-1	-3.619017184E-2	2.353657912E-1
8.542306667E-1	-2.349620099E-3	1.661792210E-1	7.308434844E-2	1.815554356E-1
8.641916667E-1	-5.868508654E-2	2.122932507E-1	2.114353180E-2	2.212677397E-1
8.741536667E-1	-1.213405970E-1	2.074157958E-1	1.036769807E-2	2.405251379E-1
8.841156667E-1	-1.451371293E-1	2.674405525E-1	-2.271350920E-2	3.051313470E-1
8.940766667E-1	-9.415928509E-2	3.088688246E-1	2.563419342E-2	3.239182515E-1
9.040386667E-1	-4.450315833E-2	3.141854420E-1	6.979061186E-2	3.249057595E-1
9.140006667E-1	-1.234152850E-2	3.401213882E-1	-5.056204319E-2	3.440805026E-1
9.239616667E-1	1.362944033E-1	3.850796061E-1	1.034664810E-1	4.213879212E-1
9.339236667E-1	2.023127845E-1	4.533386860E-1	9.732690454E-2	5.058843281E-1
9.438856667E-1	1.155223433E-1	5.380616980E-1	-9.402907491E-3	5.504036858E-1
9.538466667E-1	-1.128454834E-2	6.170174184E-1	3.400682151E-2	6.180568740E-1
9.638086667E-1	-1.263143756E-1	6.925179825E-1	7.008297265E-2	7.074235652E-1
9.737706667E-1	-2.026014177E-1	7.632683417E-1	3.655503809E-2	7.905454868E-1
9.837326667E-1	-2.177299005E-1	8.332363435E-1	1.829535306E-2	8.614080529E-1
9.936936667E-1	-1.871299591E-1	9.845736866E-1	-1.291492063E-1	1.010486261E0
1.003655667E0	-1.321617466E-1	1.210861371E0	-1.224202305E-1	1.224188997E0
1.013617667E0	-4.522521181E-2	1.439600135E0	-5.581284285E-2	1.441391322E0
1.023578250E0	-5.035067091E-3	1.559878384E0	-7.078054547E-2	1.561491534E0
1.033540250E0	2.061670498E-1	1.657498819E0	2.202184206E-1	1.684726488E0
1.043502250E0	2.146132249E-1	1.670808544E0	-3.405026633E-1	1.718604693E0
1.053463250E0	1.929277293E-1	1.628686371E0	-1.123881626E-1	1.643919555E0
1.063425250E0	3.040091671E-1	1.752593549E0	7.703028345E-1	1.938394227E0
1.073387250E0	-7.185478406E-2	1.689138834E0	-1.727396142E-1	1.699468177E0
1.083348250E0	-5.848847391E-1	1.288675167E0	-1.905420470E-1	1.427963625E0
1.093310250E0	-3.021974804E-1	1.012322453E0	8.281879306E-2	1.059707043E0
1.103272250E0	-4.592479553E-1	1.281966802E0	-2.596456110E-1	1.386276816E0
1.113233250E0	-1.651213501E-1	1.775234260E0	-6.157533234E-1	1.886232725E0
1.123195250E0	-1.347363853E-1	1.174596793E0	1.549346087E0	1.948924015E0
1.133157250E0	-6.625095419E-2	1.340166625E0	7.610659879E-1	1.542613759E0
1.143118250E0	2.191218027E-2	1.916821371E0	-2.294191899E0	2.989648939E0
1.153080250E0	2.118272185E-2	1.689243937E0	-1.083451638E0	2.006953223E0
1.163042250E0	1.038591946E-1	1.767212173E0	2.776293660E0	3.292663372E0
1.173003250E0	-5.668755433E-2	1.743768639E0	9.920163882E-1	2.006997523E0
1.182965250E0	-9.737107842E-2	2.351030051E0	-2.497947484E0	3.431700024E0
1.192927250E0	-1.782240924E-2	2.117724538E0	-1.009137036E0	2.345939559E0
1.202889250E0	-6.650631306E-2	1.914808760E0	1.922866223E0	2.714466833E0
1.212850250E0	-9.856320692E-2	2.109859302E0	9.022025710E-1	2.296778279E0
1.222812250E0	5.443067070E-1	2.551483128E0	-4.306953800E-1	2.644207718E0
1.232774250E0	-9.902901439E-1	2.331913018E0	-9.885887504E-1	2.719522129E0
1.242735250E0	8.026684888E-1	2.560612386E0	-1.667376813E0	3.159297063E0
1.252697250E0	-3.538965147E-1	1.659001846E0	2.841000702E0	3.308899342E0
1.262659250E0	-4.525219579E-3	2.546326469E0	2.544439280E-1	2.559011660E0
1.272620250E0	7.599419338E-1	3.049273846E0	-2.164163271E0	3.815650062E0
1.282582250E0	-7.276300009E-1	2.162588324E0	-2.246126032E-1	2.292746060E0
1.292544250E0	-3.842736771E-1	1.036117258E0	1.715725100E0	2.040813037E0
1.302505250E0	5.917221076E-1	3.209974920E0	2.417970437E0	4.062099836E0
1.312467250E0	2.957324333E-1	2.818653814E0	-1.948296348E0	3.439204218E0
1.322429250E0	-6.927576452E-1	1.358141989E0	-8.993257409E-1	1.770098756E0
1.332390250E0	-8.574068327E-2	2.212835494E0	1.117125168E0	2.480314704E0
1.342352250E0	1.926654817E-2	2.820979251E0	1.296887289E0	3.104869043E0
1.352314250E0	9.197548161E-1	2.257291436E0	-1.322989259E0	2.773375945E0
1.362276250E0	-1.053671988E0	2.664836959E0	-9.896582061E-1	3.031666875E0
1.372237250E0	5.638834591E-2	1.911917019E0	-1.419245539E0	2.381777536E0
1.382199250E0	6.464237968E-1	2.101471033E0	2.725134616E0	3.501485813E0
1.392161250E0	6.125235682E-2	2.160884737E0	1.023731686E0	2.391903272E0
1.402122250E0	2.116728611E-2	2.495600411E0	-3.482860674E0	4.284715620E0
1.412084250E0	4.280801762E-1	2.117623820E0	7.508894938E-1	2.287229397E0
1.422046250E0	3.890889688E-1	1.852813217E0	1.457548310E0	2.389299922E0
1.432007250E0	3.105452213E-1	2.442952520E0	1.007219149E0	2.660628829E0
1.441969250E0	-1.705829053E-1	1.821986989E0	-1.563638436E0	2.407010651E0
1.451931250E0	-6.749982626E-1	2.374607048E0	-2.935124502E0	3.835275365E0
1.461892250E0	1.185891787E0	2.492316907E0	2.871694492E0	3.983040566E0
1.471854250E0	2.659418198E-1	1.241159815E0	2.308656156E0	2.634595981E0
1.481816250E0	-8.603432313E-1	1.104942348E0	-2.231193997E0	2.634257907E0
1.491777250E0	-4.894204286E-1	2.323239112E0	-3.832581473E0	4.508398061E0
1.501739250E0	6.421420269E-1	1.747669462E0	3.509459658E0	3.972782655E0
1.511701250E0	-9.780356956E-1	8.990747492E-1	3.236360189E0	3.498416284E0
1.521662250E0	-2.206828723E-1	1.382002283E0	-5.805550148E0	5.971854298E0
1.531624250E0	6.868624824E-1	2.507193101E0	6.006382710E-1	2.668063651E0
1.541586250E0	-8.210062341E-1	4.394683231E-1	4.438446570E0	4.535084519E0
1.551547250E0	-9.944900528E-1	7.764193875E-1	4.292119414E-1	1.332689169E0
1.561509250E0	3.807579290E-1	2.016200941E0	-4.030915520E0	4.523087746E0
1.571471250E0	9.382648716E-2	2.627242286E0	-1.940537678E0	3.267551364E0
1.581433250E0	-2.356232903E0	5.183474084E-1	3.534743603E0	4.279594592E0
1.591394250E0	-1.757556994E-1	1.155408424E0	1.056194258E-1	1.173462465E0
1.601356250E0	1.732840083E-1	2.011698146E0	-2.093766888E0	2.908748281E0
1.611318250E0	-8.349120824E-1	1.461924658E0	6.804989576E-1	1.815869137E0
1.621279250E0	-2.609233921E-1	1.853374696E0	4.697005184E0	5.056178050E0
1.631241250E0	-1.710998723E-1	2.617237992E0	1.100726652E0	2.844434748E0
1.641203250E0	-1.528429646E-1	1.361681747E0	-7.181066115E0	7.310625739E0
1.651164250E0	-6.051336469E-1	2.018670074E0	1.560475093E0	2.622269649E0
1.661126250E0	-1.260898553E0	2.126452092E0	3.007290838E0	3.893001650E0
1.671088250E0	1.932104604E-1	2.297187427E0	-1.775125794E0	2.909548409E0
1.681049250E0	2.892434401E-2	1.348907189E0	-2.859042286E0	3.161409498E0
1.691011250E0	-7.476276246E-1	5.655245715E-1	1.684704452E0	1.927950776E0
1.700973250E0	-9.500318449E-2	1.428278719E-1	2.435346608E0	2.441380451E0
1.710934250E0	5.039029950E-1	5.939891097E-1	-2.961229396E0	3.061963558E0
1.720896250E0	-2.430251929E-1	-1.193517488E-1	-1.766154411E0	1.786786918E0
1.730858250E0	-2.204294320E-1	-9.960006809E-1	4.000017078E0	4.128043497E0
1.740819250E0	-2.966340375E-1	-2.358559949E-1	1.537836428E0	1.583843642E0
1.750781250E0	5.882258016E-1	1.650037297E-1	-4.864698066E0	4.902909656E0
1.760743250E0	2.479869391E-1	-9.368360679E-1	-9.241331381E-1	1.339097232E0
1.770704250E0	-1.424267566E0	-8.293339118E-1	6.028790994E0	6.250012295E0
1.780666250E0	6.108172319E-2	-3.359861277E-1	-3.395384574E-1	4.815641380E-1
1.790628250E0	-1.359901562E-2	4.443823596E-1	-4.926291466E0	4.946312589E0
1.800589250E0	2.527138465E-1	-1.207744038E-1	-1.234122691E0	1.265507630E0
1.810551250E0	-1.005291541E0	-1.047459395E0	5.967500480E0	6.141566921E0
1.820513250E0	-1.417517102E-1	-3.161077506E-1	-2.077313992E0	2.106003580E0
1.830475250E0	-1.572665751E-2	8.090351930E-2	-5.000609577E0	5.001288719E0
1.840436250E0	2.351578922E-1	1.734972307E-1	3.029870446E0	3.043930919E0
1.850398250E0	-6.335299554E-1	-1.098571149E0	6.097575885E0	6.228053504E0
1.860360250E0	2.331533935E-1	5.292348234E-2	-3.582935185E0	3.590903221E0
1.870321250E0	-3.749577743E-2	-2.959496391E-1	-4.831317481E0	4.840518642E0
1.880283250E0	-2.513485948E-1	-1.259448590E0	3.935320560E0	4.139581474E0
1.890245250E0	-1.936570963E-1	-4.201710862E-1	6.216329911E0	6.233522630E0
1.900206250E0	6.550238085E-1	1.771856634E-2	-5.520782560E0	5.559533272E0
1.910168250E0	6.783663685E-2	4.429950164E-2	-5.462113352E0	5.462714208E0
1.920130250E0	-6.244639937E-1	-7.221841235E-1	4.024738521E0	4.136426640E0
1.930091250E0	1.148237563E-1	-1.008164790E0	5.042292039E0	5.143373382E0
1.940053250E0	-4.075626254E-1	6.435103850E-2	-4.972665734E0	4.989754788E0
1.950015250E0	4.141395736E-1	-1.501893520E-1	-4.975952454E0	4.995415023E0
1.959976250E0	2.190405356E-1	-1.656937559E-1	6.714271195E0	6.719886223E0
1.969938250E0	-1.249685293E-1	-1.306274409E0	7.045829957E0	7.166986099E0
1.979900250E0	1.681418024E-1	-4.290078004E-1	-6.502451715E0	6.518757371E0
1.989861250E0	1.314388937E-1	-1.350814076E-1	-5.954352431E0	5.957334642E0
1.999823250E0	-8.034989396E-1	-3.223243641E-1	4.250167980E0	4.337445262E0
2.009785250E0	-1.283086233E-1	-2.542329897E-1	5.211663072E0	5.219437661E0
2.019746250E0	-1.917600586E-1	-1.003498968E-1	-5.031705655E0	5.036358190E0
2.029708750E0	3.705980264E-1	-7.364985459E-1	-5.491963972E0	5.553507115E0
2.039670750E0	-3.834999443E-1	-8.909170063E-1	5.066929282E0	5.158931834E0
2.049631750E0	-8.970035375E-2	1.613397730E-1	7.315405895E0	7.317734627E0
2.059593750E0	1.816729172E-1	-1.105531967E-1	-5.013671672E0	5.018180018E0
2.069555750E0	3.008646076E-1	-9.209837546E-1	-4.661559947E0	4.761183858E0
2.079517750E0	-7.226996286E-1	-6.439700858E-1	5.083516079E0	5.174855355E0
2.089478750E0	3.439880789E-1	6.396092324E-1	1.191587121E0	1.395459650E0
2.099440750E0	-7.357374212E-2	-2.550492610E-1	-5.338816039E0	5.345411109E0
2.109402750E0	-1.204398151E0	-1.382629251E0	-1.733426961E0	2.523293003E0
2.119363750E0	5.984927083E-1	-4.893902058E-1	4.430420097E0	4.497367956E0
2.129325750E0	6.103071171E-1	1.272791498E0	2.193613942E0	2.608527382E0
2.139287750E0	-5.847524459E-1	-1.342006597E0	-3.996131018E0	4.255817224E0
2.149248750E0	-2.881829470E-1	-1.688166149E0	-4.285026741E-1	1.765380667E0
2.159210750E0	4.905373929E-1	1.086207796E0	5.741447707E0	5.863846527E0
2.169172750E0	8.190651778E-1	-3.432508181E-1	-4.751868439E-1	1.007219651E0
2.179133750E0	-2.610396969E-1	-1.600060012E0	-4.347608905E0	4.640047086E0
2.189095750E0	-1.785488961E0	-7.683997851E-1	1.185974963E0	2.277047578E0
2.199057750E0	1.252924413E0	1.570921582E0	-2.972274202E-1	2.031245515E0
2.209018750E0	-2.553842334E-1	-5.727269891E-1	7.989793342E-1	1.015679717E0
2.218980750E0	-1.772888065E0	-1.846786931E0	-2.758288913E0	3.763231562E0
2.228942750E0	9.618102568E-1	2.534219809E-2	-2.055702099E0	2.269720757E0
2.238903750E0	8.653171653E-1	1.650946429E0	4.499305560E0	4.870128174E0
2.248865750E0	-5.870738270E-1	-1.678152500E0	1.370341181E0	2.244701861E0
2.258827750E0	-7.956117035E-1	-1.630751900E0	-1.963973318E0	2.673862550E0
2.268788750E0	2.748844966E-1	7.589726847E-1	-7.158892304E-1	1.078933924E0
2.278750750E0	6.062068303E-1	8.766049958E-1	3.546414061E0	3.703103527E0
2.288712750E0	-1.666039701E0	-1.968004389E0	-2.934528086E0	3.906428631E0
2.298673750E0	-1.360529042E-1	-5.041832228E-1	-2.260525970E0	2.320062235E0
2.308635750E0	4.082007028E-1	1.578759921E0	1.605981633E0	2.288730588E0
2.318597750E0	8.218683695E-2	-1.042677980E0	2.444000487E0	2.658396214E0
2.328558750E0	-8.260379825E-1	-1.778126001E0	-1.332269375E0	2.370445636E0
2.338520750E0	-3.683663635E-2	4.785814084E-1	-3.250225106E0	3.285477187E0
2.348482750E0	1.405230494E0	5.967063839E-1	4.273078541E0	4.537612970E0
2.358444750E0	-6.933949918E-1	-1.727302733E0	4.363681147E0	4.744057810E0
2.368405750E0	-6.673300047E-1	-1.775721187E-1	-4.350950004E0	4.405408850E0
2.378367750E0	6.782648827E-1	7.509789197E-4	-3.533902774E0	3.598404178E0
2.388329750E0	2.897566886E-1	-1.748367547E-1	4.112421613E0	4.126322618E0
2.398290750E0	-4.205122346E-1	-6.827512320E-1	1.992087316E0	2.147415111E0
2.408252750E0	1.965440312E-1	-6.684077927E-1	-5.604226420E0	5.647366847E0
2.418214750E0	-4.778831595E-2	-5.326990703E-1	-6.044565028E-1	8.071057467E-1
2.428175750E0	-9.774127113E-2	-7.433770825E-2	5.223878490E0	5.225321610E0
2.438137750E0	6.406652395E-1	-5.421322737E-1	7.343822193E-1	1.115202491E0
2.448099750E0	-1.547648896E-1	-2.126707798E-1	-2.358497822E0	2.373118836E0
2.458060750E0	-5.881356540E-2	-6.571583346E-1	-2.026294112E-2	6.600959771E-1
2.468022750E0	-4.567049646E-1	-7.940275466E-1	2.694358381E0	2.845808542E0
2.477984750E0	-1.715296061E-1	-8.521108084E-2	-1.899935197E0	1.909564633E0
2.487945750E0	-1.384080165E-1	6.448485752E-2	-2.708298728E0	2.712599689E0
2.497907750E0	1.085224404E-1	-6.465676383E-1	9.309673637E-1	1.138651423E0
2.507869750E0	-1.928547487E-1	-6.399784110E-1	2.252983062E0	2.350042127E0
2.517830750E0	-2.472197113E-1	-1.537020668E-1	-2.693981820E-1	3.966324388E-1
2.527792750E0	2.673393591E-2	-6.449012549E-1	-1.829241775E0	1.939777772E0
2.537754750E0	1.990663007E-1	-3.076316634E-1	2.353276259E-1	4.354810259E-1
2.547715750E0	2.499517863E-1	-1.497675942E-1	1.475119777E0	1.503623818E0
2.557677750E0	-3.311267032E-2	-5.759571372E-2	-4.042063236E-1	4.096296708E-1
2.567639750E0	1.964207646E-3	-7.371841320E-1	-4.709382570E-1	8.747726244E-1
2.577600750E0	-3.270843266E-1	-8.399031926E-1	1.656637232E0	1.885966184E0
2.587562750E0	-4.543226993E-1	-2.650204630E-1	-7.269550860E-2	5.309704304E-1
2.597524750E0	1.279328301E-2	6.990722727E-1	-4.576277722E0	4.629382626E0
2.607486750E0	-2.017976265E-1	-5.027830340E-1	-3.732406390E-1	6.578918117E-1
2.617447750E0	-3.790981603E-1	-1.381227089E0	2.999109414E0	3.323576531E0
2.627409750E0	-3.240327378E-1	-1.988438507E-1	9.911024684E-1	1.061517873E0
2.637371750E0	6.125127234E-1	3.610954970E-1	-1.251788884E0	1.439630926E0
2.647332750E0	2.661185153E-1	-9.623666194E-1	-3.985760397E-1	1.075096011E0
2.657294750E0	-7.787325460E-2	-8.772218040E-1	2.117885483E0	2.293691622E0
2.667256750E0	7.189082940E-1	4.335367339E-2	-3.749562120E-1	8.119734214E-1
2.677217750E0	-1.282117332E-1	9.359520237E-2	1.564171702E0	1.572205910E0
2.687179750E0	-8.651267653E-1	-1.462493738E0	1.124462839E0	2.037584092E0
2.697141750E0	5.930073987E-1	-6.443310052E-1	-3.115159103E0	3.235898091E0
2.707102750E0	-1.026580449E0	6.822547303E-1	-2.330738751E0	2.636604267E0
2.717064750E0	-2.060975045E-1	-5.201846401E-1	6.151042825E-1	8.315176002E-1
2.727026750E0	3.811084331E-1	-8.720512573E-1	4.366657965E0	4.469163100E0
2.736987750E0	-9.954848834E-1	-9.508730217E-2	-1.279518719E0	1.623945781E0
2.746949750E0	9.947829983E-1	-1.649889289E-1	-5.807774429E0	5.894663551E0
2.756911750E0	-3.194241817E-1	-5.584384679E-2	2.045171263E0	2.070718677E0
2.766872750E0	-2.193323482E-2	-8.773363363E-1	3.819346885E0	3.918878761E0
2.776834750E0	1.135577739E0	-3.015769629E-1	-2.151816875E0	2.451693564E0
2.786796750E0	-5.530249055E-1	1.747364932E-1	-1.713747572E0	1.809226389E0
2.796757750E0	2.009323300E-1	-4.225802486E-1	4.269902333E0	4.295464329E0
2.806719750E0	8.051520936E-1	-7.393877283E-1	2.921834950E0	3.119628757E0
2.816681750E0	9.598188414E-1	3.151500133E-1	-3.791462683E0	3.923743240E0
2.826642750E0	-1.138233982E0	-1.006977732E0	-2.709638910E0	3.106722352E0
2.836604750E0	-4.180556001E-1	-6.314460077E-1	-4.414571804E-1	8.765722945E-1
2.846566750E0	2.243615932E-1	6.462697227E-1	3.317462824E0	3.387264718E0
2.856528750E0	-1.969393395E-1	-7.400360383E-1	-2.134046602E0	2.267287662E0
2.866489750E0	1.787311099E-1	-7.481223721E-1	-2.321700125E0	2.445797081E0
2.876451750E0	-1.786364581E-1	-3.665593911E-1	3.707604255E0	3.729960601E0
2.886413750E0	4.442881464E-1	-1.278556195E-1	2.055751215E0	2.107095649E0
2.896374750E0	6.391685716E-1	-9.042042922E-1	-1.384643471E0	1.772952172E0
2.906336750E0	-1.177303616E0	-2.546109939E-1	-2.981501108E-1	1.240872294E0
2.916298750E0	7.634216850E-1	-6.250383364E-1	1.214343315E0	1.564645416E0
2.926259750E0	5.505764936E-1	3.008398620E-2	1.627743216E0	1.718600447E0
2.936221750E0	-8.804648890E-1	-7.929242501E-1	-4.604198177E0	4.754217931E0
2.946183750E0	-3.607119562E-1	-5.612821242E-1	-6.247428328E-1	9.140319171E-1
2.956144750E0	4.027222272E-1	1.452990241E-1	2.391329938E0	2.429352974E0
2.966106750E0	2.664440591E-1	-3.291815767E-1	3.714753646E-1	5.633355070E-1
2.976068750E0	-9.763942359E-1	-5.372722142E-1	-1.494020902E0	1.863895274E0
2.986029750E0	7.526715790E-1	-7.730072448E-1	6.124151480E-1	1.240607520E0
2.995991750E0	-1.628624519E-2	1.045541544E-1	2.620265973E0	2.622401682E0
3.005953750E0	3.269918310E-1	1.303225597E-1	-1.730606264E0	1.766042374E0
3.015914750E0	-9.277997808E-1	-1.416465626E0	-7.996441627E-1	1.872596617E0
3.025876292E0	7.515265480E-1	-1.095937874E-1	2.386366822E0	2.504306203E0
3.035838292E0	-3.433128351E-1	6.118686161E-1	-2.559804009E0	2.654212401E0
3.045799292E0	-7.555348874E-1	-9.190978083E-1	-3.721121264E0	3.906701576E0
3.055761292E0	-1.365806702E-1	-6.961917150E-1	2.027082317E0	2.147649856E0
3.065723292E0	5.053087022E-2	5.032607149E-1	6.829781771E-1	8.498728766E-1
3.075684292E0	6.784073355E-1	-1.123001693E0	1.881563830E0	2.293829062E0
3.085646292E0	1.239171725E-1	-1.081255351E0	4.899995953E-1	1.193552765E0
3.095608292E0	6.219183353E-1	6.642269605E-1	1.039629096E-1	9.158537860E-1
3.105570292E0	-1.963737310E-1	-6.785087116E-1	5.549247390E-1	8.982639812E-1
3.115531292E0	2.654953392E-2	-1.079625220E0	2.439504563E0	2.667860193E0
3.125493292E0	9.697484368E-1	-1.936386228E-1	-2.757739860E-1	1.026625169E0
3.135455292E0	-7.963610972E-1	2.120893839E-1	-5.174676509E0	5.239890255E0
3.145416292E0	-4.487005650E-1	-6.363479479E-1	-2.715966766E0	2.825375441E0
3.155378292E0	-2.058074643E-1	-8.512713493E-1	2.703915070E0	2.842213280E0
3.165340292E0	2.144305177E-1	1.471727917E-1	1.265659649E0	1.292104726E0
3.175301292E0	1.519697378E-1	-4.329848938E-1	-4.257515591E-1	6.259673391E-1
3.185263292E0	-3.962378843E-1	-7.182942633E-1	2.557883198E0	2.686208772E0
3.195225292E0	2.619642148E-1	-5.565451486E-1	1.300257039E0	1.438414447E0
3.205186292E0	-1.787188308E-1	-5.195656392E-1	-1.189854591E0	1.310588731E0
3.215148292E0	5.741679257E-1	5.227500694E-1	2.237214875E-1	8.080765719E-1
3.225110292E0	-1.320118569E-1	-5.718519898E-1	-1.637349021E-1	6.093036573E-1
3.235071292E0	-7.703037847E-1	-9.399317300E-1	-2.182179712E0	2.497748561E0
3.245033292E0	-8.397025600E-2	-1.588362511E-1	-9.232923084E-1	9.406107832E-1
3.254995292E0	6.058941869E-1	-1.630058457E-1	-1.472697276E-1	6.444897549E-1
3.264956292E0	-2.909635722E-1	-6.284624659E-1	1.314075179E0	1.485401780E0
3.274918292E0	3.261830514E-1	-1.747976880E-1	1.809493389E0	1.846947736E0
3.284880292E0	-3.225086976E-1	-2.971407718E-1	-1.594680719E0	1.653877594E0
3.294841292E0	1.740465218E-1	-1.031275764E0	-2.761733508E-1	1.081708654E0
3.304803292E0	-3.263216304E-1	1.030256466E-1	2.538499678E0	2.561460659E0
3.314765292E0	2.568460738E-1	2.395317831E-2	-1.066216385E-1	2.791269141E-1
3.324727292E0	5.764625559E-1	-8.491214194E-2	-2.948673086E0	3.005693284E0
3.334688292E0	-1.027192507E0	-3.394038618E-1	5.938578397E-1	1.234093417E0
3.344650292E0	-9.016491321E-1	-1.152983730E0	-1.137943010E0	1.853984071E0
3.354612292E0	2.892543214E-1	-3.320014695E-1	-6.837903553E-1	8.133033187E-1
3.364573292E0	-7.483140146E-1	4.685233569E-1	1.611054677E0	1.837113272E0
3.374535292E0	1.223248478E-2	-9.045755904E-1	9.215907687E-1	1.291408602E0
3.384497292E0	-1.075056279E-1	-1.294111615E0	1.394075029E0	1.905184380E0
3.394458292E0	-2.725841106E-1	-5.229042897E-1	-1.673590064E-1	6.129763703E-1
3.404420292E0	5.089741390E-1	6.678901680E-1	-3.818372154E-1	9.224595437E-1
3.414382292E0	4.072676699E-1	-1.114941745E0	1.763589823E0	2.125843624E0
3.424343292E0	-8.159916620E-1	-1.149463926E0	1.477666240E0	2.042206460E0
3.434305292E0	8.512644788E-1	5.498517312E-1	-4.910894578E0	5.014366729E0
3.444267292E0	-2.481809570E-1	-3.332862490E-1	2.420747280E-4	4.155400941E-1
3.454228292E0	-8.657845771E-1	-1.088293937E0	2.260102047E0	2.653681949E0
3.464190292E0	4.132692155E-1	-2.284822357E-2	1.217293235E0	1.285735706E0
3.474152292E0	-3.123055256E-1	-2.569608254E-2	-2.546923177E0	2.566127959E0
3.484113292E0	-4.784351914E-1	-8.405760609E-1	-2.434672424E0	2.619751545E0
3.494075292E0	4.514852649E-1	-9.966063794E-1	1.969975485E0	2.253412220E0
3.504037292E0	-7.524385674E-1	5.794258151E-1	1.681001995E0	1.930716390E0
3.513998292E0	-5.355734336E-2	-7.926459226E-1	-1.902046627E-1	8.169049892E-1
3.523960292E0	1.398648283E0	-8.419628012E-1	-5.395600104E-1	1.719372962E0
3.533922292E0	-9.501490085E-1	5.193269632E-1	2.430813847E0	2.661078652E0
3.543883292E0	-3.674280681E-1	-8.261779502E-1	-4.226560432E-1	9.981039632E-1
3.553845292E0	5.165467949E-1	-8.141571712E-1	-2.679153281E0	2.847373315E0
3.563807292E0	-1.401151038E0	6.269859709E-4	2.017117492E0	2.456010505E0
3.573768292E0	9.946716088E-1	-4.898627704E-1	-1.886538641E0	2.188233349E0
3.583730292E0	-9.053938352E-1	-8.433389434E-1	-1.365362862E0	1.842599879E0
3.593692292E0	-3.671792690E-1	-4.302698123E-1	1.454372102E0	1.560497016E0
3.603654292E0	7.945391048E-1	3.332456108E-3	2.826949843E0	2.936485810E0
3.613615292E0	-2.490892672E-1	-9.214908544E-1	-1.780066107E0	2.019857966E0
3.623577292E0	8.981490436E-2	-5.781156003E-1	-1.075085442E0	1.223966124E0
3.633539292E0	-5.302303576E-2	-5.987435538E-1	4.058157113E0	4.102431527E0
3.643500292E0	4.758910314E-1	-3.436092158E-1	-5.825159955E-1	8.269609737E-1
3.653462292E0	-1.151214436E-2	-2.556843965E-1	-2.487933542E0	2.501063844E0
3.663424292E0	-6.841736403E-1	-1.007614201E0	-1.538379634E0	1.962139610E0
3.673385292E0	-2.575449623E-1	-4.476629034E-1	1.437828575E0	1.527770432E0
3.683347292E0	5.324298426E-1	3.874410407E-1	2.857709706E-1	7.178141437E-1
3.693309292E0	3.503514575E-3	-6.796560084E-1	-3.767039448E-1	7.770781340E-1
3.703270292E0	-9.619389687E-1	-1.217837830E0	-4.796827680E-1	1.624361757E0
3.713232292E0	7.208515430E-1	-2.102938684E-1	7.369158179E-1	1.052090957E0
3.723194292E0	6.741920777E-1	-1.421838651E-1	1.858700048E0	1.982300955E0
3.733155292E0	-2.434169198E-1	-6.077741399E-1	-7.979455465E-1	1.032161953E0
3.743117292E0	-9.580709442E-2	-9.058903369E-1	-1.365248841E0	1.641255830E0
3.753079292E0	2.696880578E-1	-2.883898471E-1	1.533921717E0	1.583924299E0
3.763040292E0	-4.137373217E-1	-3.015503216E-1	9.821451187E-1	1.107574016E0
3.773002292E0	-1.304554925E-1	-5.145047645E-1	-1.974125839E0	2.044237417E0
3.782964292E0	3.308341825E-2	-1.474177535E-1	-1.201375360E0	1.210838248E0
3.792925292E0	-5.419222125E-1	-9.157514468E-1	5.068173569E-1	1.178619629E0
3.802887292E0	-7.310531071E-1	-5.991402143E-1	1.507871202E0	1.779630075E0
3.812849292E0	1.124593159E0	-1.859886375E-1	-4.651524371E-1	1.231124826E0
3.822810292E0	-6.173840388E-1	1.689412812E-1	-1.613976531E0	1.736267390E0
3.832772292E0	-1.937918747E-1	-1.189349391E0	1.243218035E0	1.731386251E0
3.842734292E0	9.797916144E-2	-7.841436325E-1	1.831049150E0	1.994297405E0
3.852696292E0	1.813672358E-1	2.224758113E-1	-1.788850379E0	1.811732662E0
3.862657292E0	6.798768139E-1	-1.866232431E-1	-1.423792918E0	1.588787900E0
3.872619292E0	4.008636532E-1	-6.366969535E-1	2.185659390E0	2.311532316E0
3.882581292E0	-2.540175929E-1	-4.850642164E-1	-3.089031404E-1	6.286758956E-1
3.892542292E0	-4.404985659E-1	5.558414362E-2	-1.514405465E0	1.578148439E0
3.902504292E0	7.530713823E-1	-4.290300564E-1	-1.178582329E-1	8.746850057E-1
3.912466292E0	-1.137638955E0	-9.704636975E-1	2.578502235E0	2.980720711E0
3.922427292E0	-1.486715427E-1	-5.836746944E-1	-8.627718723E-1	1.052214180E0
3.932389292E0	1.924521862E-1	-7.494184440E-3	-1.740047178E0	1.750673639E0
3.942351292E0	2.358711977E-4	-7.486318108E-3	4.971647733E-1	4.972211907E-1
3.952312292E0	2.931943763E-1	-7.428510341E-1	1.535044382E0	1.730361770E0
3.962274292E0	-7.968502899E-1	-5.506175338E-1	-2.147869420E-1	9.921106206E-1
3.972236292E0	2.820110099E-1	-3.748052899E-2	-2.057976081E0	2.077546762E0
3.982197292E0	2.462826585E-1	-2.029613138E-1	2.001430582E0	2.026714784E0
3.992159292E0	2.669860594E-1	-5.949249566E-1	1.509389724E0	1.644224619E0
4.002121292E0	-1.160761386E-1	-6.273664784E-1	-2.859745122E0	2.930051967E0
4.012082292E0	-5.022668710E-1	-4.239737132E-1	-5.370755285E-1	8.488084840E-1
4.022044292E0	4.660285693E-1	3.764944683E-1	2.051967482E0	2.137639179E0
4.032006250E0	-4.199498056E-1	-6.404964743E-1	5.184615022E-1	9.248761550E-1
4.041967250E0	-1.044136861E0	-1.143436177E0	-1.316368457E0	2.032361678E0
4.051929250E0	2.101051495E-1	-6.996239210E-2	-8.223027080E-1	8.515988808E-1
4.061891250E0	1.238562701E-2	3.465046109E-1	9.029527688E-1	9.672344865E-1
4.071852250E0	2.563287414E-1	-9.143030184E-1	-9.078270078E-2	9.538846533E-1
4.081814250E0	1.732439366E-1	-7.449075729E-1	-7.510058534E-1	1.071872448E0
4.091776250E0	1.438595492E-1	4.710894258E-2	1.477589641E0	1.485323524E0
4.101738250E0	6.821768162E-1	-2.874465450E-1	5.528478080E-1	9.239217627E-1
4.111699250E0	-6.596504179E-1	-7.306736959E-1	-7.854237342E-1	1.259330443E0
4.121661250E0	-3.555474029E-1	-6.823280398E-1	5.955248809E-1	9.729518967E-1
4.131623250E0	3.487569949E-1	-8.848596015E-2	8.932206631E-3	3.599180336E-1
4.141584250E0	-2.701222501E-1	-7.982414156E-2	-6.227752447E-2	2.884725526E-1
4.151546250E0	2.789514726E-2	-8.008316591E-1	-5.712361318E-1	9.840834333E-1
4.161508250E0	-3.513061982E-2	-1.629026606E-1	9.416180670E-2	1.914102482E-1
4.171469250E0	1.830194396E-1	-1.593176962E-1	-6.746073031E-1	7.169192821E-1
4.181431250E0	-2.688654276E-1	-5.029752612E-1	-8.937936902E-2	5.772879724E-1
4.191393250E0	1.361953844E-1	-3.660109223E-1	5.451499486E-1	6.705979752E-1
4.201354250E0	1.326290488E-1	-1.770158475E-1	6.583678311E-1	6.945309755E-1
4.211316250E0	-5.007789830E-2	-3.007273077E-1	-1.722157037E-1	3.501470521E-1
4.221278250E0	8.905018905E-2	-3.321996901E-1	6.041080087E-1	6.951496648E-1
4.231239250E0	8.095326175E-3	-1.365014313E-1	2.725036383E-1	3.048875332E-1
4.241201250E0	-2.722125931E-1	-2.638855733E-1	-1.073504940E0	1.138485023E0
4.251163250E0	-3.141993656E-1	-1.810140822E-1	-1.269721125E0	1.320484409E0
4.261124250E0	2.788887429E-1	-6.194384946E-2	3.834668344E-1	4.781869765E-1
4.271086250E0	1.730099749E-2	-2.073018116E-1	7.145771152E-1	7.442404310E-1
4.281048250E0	7.399039278E-3	-6.306644543E-1	2.604057491E-2	6.312452069E-1
4.291009250E0	-3.201621003E-2	-7.032107127E-1	3.287409890E-1	7.769176159E-1
4.300971250E0	-2.509862501E-1	-5.951142602E-1	2.980109471E-1	7.113125930E-1
4.310933250E0	8.660678381E-2	-3.264870335E-1	5.819505697E-1	6.728751620E-1
4.320895250E0	3.626685259E-2	-1.205309129E-1	3.116261888E-1	3.360861007E-1
4.330856250E0	-2.990514591E-1	-3.160780760E-1	-3.898426384E-1	5.842211979E-1
4.340818250E0	-2.136238212E-1	-1.975576825E-1	-8.327446657E-1	8.821155555E-1
4.350780250E0	-1.896621507E-1	-2.487280372E-2	-6.259514523E-1	6.545270112E-1
4.360741250E0	1.344839866E-1	-3.072494747E-1	1.953034347E-1	3.881128882E-1
4.370703250E0	-8.733990588E-2	-2.099389790E-2	-5.780826366E-1	5.850201173E-1
4.380665250E0	3.066049654E-2	-2.992119287E-1	1.675402701E-2	3.012449862E-1
4.390626250E0	9.021728416E-2	-2.287110628E-1	1.564361152E0	1.583563615E0
4.400588250E0	2.768814121E-1	2.875365373E-1	3.173202074E-1	5.099340062E-1
4.410550250E0	3.698229414E-1	-1.611855527E-1	-8.961395931E-1	9.827593606E-1
4.420511250E0	2.691968551E-1	-5.371616653E-1	6.842101854E-1	9.105784861E-1
4.430473250E0	1.273006456E-1	-3.987861740E-1	6.172414398E-1	7.458035009E-1
4.440435250E0	-3.574213351E-2	-1.241303218E-1	-8.190528256E-1	8.291763190E-1
4.450396250E0	-6.441613903E-2	-1.443475998E-1	8.372101843E-2	1.788711197E-1
4.460358250E0	-2.516445552E-1	-1.795646305E-1	5.082317984E-1	5.948680523E-1
4.470320250E0	-4.265808405E-1	-1.489585131E-1	-8.637945503E-1	9.748337690E-1
4.480281250E0	-4.083647903E-1	-4.852835600E-1	-1.137776949E0	1.302612115E0
4.490243250E0	-2.575850888E-1	-3.962532698E-1	2.057658577E-1	5.154670891E-1
4.500205250E0	1.157420341E-1	-1.741684179E-1	1.060824083E0	1.081239378E0
4.510166250E0	1.228970253E-1	-4.325903895E-1	-2.565325534E-1	5.177326287E-1
4.520128250E0	6.566847101E-2	-3.923312134E-1	-2.565506798E-1	4.733438289E-1
4.530090250E0	1.304227847E-2	-6.631311740E-2	1.032311890E0	1.034521807E0
4.540052250E0	-1.745669331E-2	-1.901415128E-1	7.496130466E-1	7.735491262E-1
4.550013250E0	-3.619352485E-2	-4.597307160E-1	-1.680250043E-1	4.908102531E-1
4.559975250E0	-9.067472829E-2	-3.238539227E-1	-1.415330243E-1	3.648765086E-1
4.569937250E0	-2.248740011E-2	-2.772386221E-1	-9.983202714E-1	1.036344683E0
4.579898250E0	-2.611758913E-2	-3.917814289E-1	-3.484601390E-1	5.249755089E-1
4.589860250E0	3.883238698E-2	-4.029511091E-1	1.310127139E-2	4.050298680E-1
4.599822250E0	-9.204472178E-3	-2.713122864E-1	4.183331966E-1	4.986960421E-1
4.609783250E0	5.155684643E-2	-3.191466583E-1	2.922736591E-1	4.358171517E-1
4.619745250E0	-2.590133809E-4	-3.483137394E-1	3.763291383E-1	5.127827498E-1
4.629707250E0	8.096439430E-2	-2.629704110E-1	5.048404133E-1	5.749543574E-1
4.639668250E0	2.377555314E-2	-3.657324486E-1	1.126185429E-1	3.834167929E-1
4.649630250E0	-3.515261540E-3	-3.715840862E-1	-4.484229684E-1	5.823832491E-1
4.659592250E0	-9.524302083E-2	-3.341064306E-1	-8.623017561E-1	9.296572802E-1
4.669553250E0	-8.092445050E-2	-3.391882823E-1	-1.205614007E-1	3.689613921E-1
4.679515250E0	-8.948958904E-2	-3.015857703E-1	8.217676878E-3	3.146901549E-1
4.689477250E0	-1.097628176E-1	-2.202584741E-1	1.447659498E-1	2.855150640E-1
4.699438250E0	-5.802401313E-2	-1.765993796E-1	2.969987941E-1	3.503746718E-1
4.709400250E0	-7.771573610E-2	-2.325987303E-1	2.658424902E-1	3.616823670E-1
4.719362250E0	-3.939215738E-2	-3.063419503E-1	1.858765537E-1	3.604819355E-1
4.729323250E0	4.755183262E-2	-3.095057691E-1	2.014166987E-1	3.723220171E-1
4.739285250E0	4.583993233E-2	-3.498696835E-1	1.429293394E-2	3.531492358E-1
4.749247250E0	6.880339173E-2	-3.617273983E-1	-2.380840033E-1	4.384798855E-1
4.759209250E0	1.039193844E-1	-3.539032025E-1	-1.433234417E-1	3.957124260E-1
4.769170250E0	8.257240601E-2	-3.820818483E-1	-6.262543380E-2	3.958872137E-1
4.779132250E0	4.702001008E-2	-3.502470481E-1	-2.009921908E-2	3.539602445E-1
4.789094250E0	1.637703235E-2	-3.526409348E-1	9.726375461E-2	3.661749227E-1
4.799055250E0	-9.688470885E-2	-3.955957139E-1	1.343807101E-1	4.288831903E-1
4.809017250E0	-1.830559299E-1	-4.177295813E-1	1.240340620E-1	4.726435497E-1
4.818979250E0	-2.281816157E-1	-4.342473442E-1	1.463183856E-1	5.119049479E-1
4.828940250E0	-1.590109366E-1	-4.349531762E-1	3.523649096E-2	4.644462873E-1
4.838902250E0	-5.774228240E-2	-4.037933275E-1	-8.541729569E-2	4.167485296E-1
4.848864250E0	3.512379045E-2	-3.521627056E-1	-1.163964289E-1	3.725592309E-1
4.858825250E0	7.761319969E-2	-2.935817361E-1	-1.620374554E-1	3.441949760E-1
4.868787250E0	6.170991972E-2	-1.846496799E-1	-3.912722826E-2	1.985813649E-1
4.878749250E0	3.132141007E-2	-9.769555321E-2	4.874999106E-2	1.135870304E-1
4.888710250E0	5.605743919E-4	-4.343005265E-2	1.421545833E-1	1.486418827E-1
4.898672250E0	-5.609092363E-2	-4.199357449E-2	1.506751460E-1	1.661705498E-1
4.908634250E0	-8.770018573E-2	-2.424351769E-2	8.584297299E-2	1.250923129E-1
4.918595250E0	-8.631513566E-2	3.227033094E-2	7.280309737E-2	1.174392093E-1
4.928557250E0	-7.196752568E-2	5.126441256E-2	6.420242786E-4	8.836162597E-2
4.938519250E0	-5.036543513E-2	9.326027568E-2	-6.178285003E-2	1.226836445E-1
4.948480250E0	-1.619228774E-2	1.496593476E-1	-8.767665982E-2	1.742047852E-1
4.958442250E0	1.109227316E-2	1.799763476E-1	-9.784906089E-2	2.051559479E-1
4.968404250E0	-1.248060772E-3	1.997612058E-1	-4.215491652E-2	2.041644777E-1
4.978365250E0	3.096189767E-3	2.069496082E-1	9.198254943E-3	2.071770611E-1
4.988327250E0	-2.191022054E-2	2.016099126E-1	7.536710143E-2	2.163488262E-1
4.998289250E0	-2.524325680E-2	1.915463794E-1	7.641609192E-2	2.077658696E-1
5.008251250E0	-3.958126456E-2	1.717197319E-1	7.461573422E-2	1.913683637E-1
5.018212250E0	-5.476575270E-2	1.665364676E-1	6.398023367E-2	1.866203446E-1
5.028174250E0	-4.124201998E-2	1.580224648E-1	5.034978926E-2	1.709008627E-1
5.038136250E0	-4.313712998E-2	1.304892328E-1	1.696277261E-2	1.384773899E-1
5.048097250E0	-1.050211780E-2	1.113489205E-1	-1.567229211E-2	1.129358106E-1
5.058059250E0	-3.238625656E-2	7.088714752E-2	-5.563742638E-2	9.575688232E-2
5.068021250E0	-2.939191570E-2	4.348248116E-2	-9.454947710E-2	1.081397915E-1
5.077982250E0	-2.458399694E-2	1.305189668E-2	-4.678825021E-2	5.444139299E-2
5.087944250E0	-4.700778575E-2	-2.337138035E-2	-1.309659362E-2	5.410613740E-2
5.097906250E0	-6.238317635E-2	-1.930622244E-2	4.259462714E-2	7.796597449E-2
5.107867250E0	-6.540472961E-2	-1.146440390E-2	9.034591377E-2	1.121231258E-1
5.117829250E0	-6.803359665E-2	2.460593999E-2	8.584940493E-2	1.122681740E-1
5.127791250E0	-3.774282686E-2	5.560574178E-2	9.901207209E-2	1.196658260E-1
5.137752250E0	-1.532757819E-2	8.531168950E-2	5.214956224E-2	1.011562942E-1
5.147714250E0	1.110427137E-2	1.077339069E-1	-7.582669258E-3	1.085697767E-1
5.157676250E0	1.782167605E-2	1.218183693E-1	-2.928987265E-2	1.265512697E-1
5.167637250E0	2.683193616E-3	1.044039358E-1	-4.171228230E-2	1.124601967E-1
5.177599250E0	-4.621292530E-2	6.568853427E-2	-3.676904619E-2	8.833221811E-2
5.187561250E0	-5.628362593E-2	4.759921334E-2	-3.017689526E-2	7.965034002E-2
5.197523250E0	-8.332869767E-2	1.062734757E-2	1.428650200E-2	8.520983811E-2
5.207484250E0	-6.468363544E-2	4.484197707E-6	5.021588802E-2	8.188777762E-2
5.217446250E0	-3.847995976E-2	3.130061933E-3	4.183565855E-2	5.692738284E-2
5.227408250E0	-7.858479680E-3	3.444959963E-2	4.542818785E-2	5.755215781E-2
5.237369250E0	-3.267462936E-3	5.665224263E-2	2.821164608E-2	6.337231165E-2
5.247331250E0	8.615237293E-3	7.546429769E-2	4.138016045E-2	8.649508783E-2
5.257293250E0	1.570389220E-2	7.212767087E-2	4.781209767E-2	8.794890459E-2
5.267254250E0	-7.771207702E-3	8.691108570E-2	6.942983866E-3	8.753361361E-2
5.277216250E0	-4.525846328E-2	6.038725669E-2	2.041262984E-2	7.817688102E-2
5.287178250E0	-7.096463227E-2	4.240550626E-2	-1.566293657E-2	8.413996420E-2
5.297139250E0	-6.644610501E-2	4.741305718E-2	-7.128925323E-3	8.193841857E-2
5.307101250E0	-5.417481847E-2	4.037700665E-2	-5.180633068E-3	6.776468536E-2
5.317063250E0	-4.748493682E-2	2.430388562E-2	-1.041564524E-2	5.435056344E-2
5.327024250E0	-2.895192642E-2	3.863114683E-2	4.257942438E-3	4.846348752E-2
5.336986250E0	9.561335058E-3	6.003485232E-2	2.626510799E-2	6.622279455E-2
5.346948250E0	-1.438801058E-2	7.062143725E-2	4.018732846E-2	8.251923180E-2
5.356909250E0	-4.958299545E-3	5.761266607E-2	4.722094417E-2	7.465669156E-2
5.366871250E0	-2.199554421E-2	7.500079621E-2	4.916280448E-2	9.233582589E-2
5.376833250E0	-3.224941116E-2	5.942874730E-2	5.035563648E-2	8.430593485E-2
5.386794250E0	-4.208472253E-2	4.601638576E-2	2.355726242E-2	6.666015483E-2
5.396756250E0	-4.759318340E-2	6.124822722E-2	4.994106889E-3	7.772642760E-2
5.406718250E0	-4.066390394E-2	4.211566252E-2	-2.943371415E-2	6.552576319E-2
5.416680250E0	-2.110678114E-2	5.217667870E-2	-1.775507033E-2	5.901817121E-2
5.426641250E0	-1.985296451E-2	5.586833658E-2	-1.475720286E-2	6.109980579E-2
5.436603250E0	-3.877996760E-2	6.044719066E-2	1.862922907E-3	7.184162601E-2
5.446565250E0	-2.375809829E-2	6.201791723E-2	3.629366755E-2	7.568288840E-2
5.456526250E0	-2.926968833E-2	5.185096138E-2	4.482650936E-2	7.452954308E-2
5.466488250E0	-2.665546902E-2	6.791545548E-2	4.287880182E-2	8.462632432E-2
5.476450250E0	-3.008602816E-2	5.679408329E-2	3.898397148E-2	7.516972143E-2
5.486411250E0	-4.023559540E-2	6.191670102E-2	2.835314870E-2	7.909792692E-2
5.496373250E0	-6.898540459E-3	4.780109303E-2	2.655571461E-2	5.511569952E-2
5.506335250E0	-3.044970213E-2	4.711208089E-2	-5.629114509E-3	5.637747295E-2
5.516296250E0	-2.309586686E-2	5.528671678E-2	1.338135302E-2	6.139300226E-2
5.526258250E0	-1.919642041E-2	6.323845955E-2	-1.984837353E-2	6.900408143E-2
5.536220250E0	-6.496220958E-2	6.584251704E-2	-1.633776373E-1	1.877433836E-1
5.546181250E0	-2.827570964E-1	5.280789934E-2	-6.304274958E-1	6.929495489E-1
5.556143250E0	-4.377887104E-1	6.058522149E-2	-7.226866186E-1	8.471159736E-1
5.566105250E0	-3.788618597E-1	1.392105833E-1	-8.090815687E-1	9.041730366E-1
5.576066250E0	-2.833040668E-1	1.210524754E-1	-3.460814917E-1	4.633436036E-1
5.586028250E0	5.042483462E-2	1.246011323E-1	4.991931725E-1	5.169738190E-1
5.595990250E0	8.329308996E-1	1.589803575E-2	3.557472900E0	3.653715926E0
5.605951250E0	6.357505086E-1	1.475906210E-2	1.064643484E0	1.240105757E0
5.615913250E0	7.183783901E-1	2.984061983E-3	6.681870604E-1	9.810965108E-1
5.625875250E0	3.433919552E-1	-1.597257587E-1	3.085248256E-1	4.884853334E-1